<?xml version="1.0" encoding="UTF-8" standalone="yes"?>
<repository fileName="boarepository.xml">
	<!--
     It is needed to add this two classpaths to have in genius the bidding strategy and the acceptance condition
      -->
	<biddingstrategies>
		<biddingstrategy description="Constant Bids" classpath=".\bin\ai2018\group25\ConstBid.class"/>
	</biddingstrategies>
	<acceptanceconditions>
		<acceptancecondition description="Group25_AS" classpath=".\bin\ai2018\group25\Group25_AS.class"/>
	</acceptanceconditions>
	<!--
      To opponent model and opponent strategy must be used one of the already existing ones, so we did not put here the path
      -->
	<opponentmodels>
	</opponentmodels>
	<omstrategies>
	</omstrategies>
</repository>